{
  "pi_basic": 3.08,
  "pi_convergence_last_mean": 3.1180000000000003,
  "lcg": "done",
  "ibm_rng": "done",
  "accept_reject": 300,
  "gbm_hist_mean": 6858.359495664333,
  "gbm_paths_last": [
    6206.435886090918,
    6060.7112162065405,
    9131.11128084559
  ],
  "put_value": 3.70195051503236,
  "put_ci": [
    3.662138413574216,
    3.741762616490504
  ],
  "bs_call": 11.247276395846391,
  "anti_call": 11.325835443125936,
  "anti_stderr": 0.09634035194661326,
  "hull_call": 11.390237473560807,
  "hull_ci": [
    11.042652589001417,
    11.737822358120198
  ],
  "straddle_price": 0.2887497771656053,
  "straddle_se": 0.003177902079616925,
  "stoch_vol_call": 3.7003950060371147,
  "stderr": 0.025675470200064193,
  "implied_vol": 0.18604202334545783,
  "crude": [
    12.723677179316422,
    0.8166033731564895,
    [
      11.123134567929702,
      14.324219790703141
    ]
  ],
  "cv_euro": [
    12.892815150450442,
    0.39573164978118136,
    [
      12.117181116879326,
      13.668449184021558
    ]
  ],
  "cv_geo": [
    12.543357153232266,
    0.026312370613951832,
    [
      12.49178490682892,
      12.594929399635612
    ]
  ],
  "anti": [
    12.479133488991014,
    0.20304396550794648,
    [
      12.081167316595439,
      12.87709966138659
    ]
  ],
  "halton": 12.841251862628209,
  "sobol": 12.837687552787967
}